Training Accuracy,Training Loss,test_acc,test_loss
0.40214285254478455,2.3739020824432373,0.23571428656578064,4.6354594230651855
0.6305882334709167,1.6311042308807373,0.6816666722297668,1.5235745906829834
0.7519327998161316,1.3292332887649536,0.7469047904014587,1.3080800771713257
0.8143697381019592,1.1754292249679565,0.8083333373069763,1.2516462802886963
0.8556722402572632,1.0726314783096313,0.8692857027053833,1.0183603763580322
0.8745378255844116,1.0155726671218872,0.8395237922668457,1.1233280897140503
0.8941596746444702,0.9776128530502319,0.8190476298332214,1.2254321575164795
0.9077731370925903,0.9479619264602661,0.8995237946510315,0.9856178164482117
0.9123949408531189,0.9289424419403076,0.8597618937492371,1.2719643115997314
0.922478973865509,0.9127183556556702,0.9061904549598694,0.9658671617507935
0.9254201650619507,0.9061291813850403,0.935952365398407,0.878389835357666
0.9304621815681458,0.9009073972702026,0.8342857360839844,1.2692773342132568
0.9319327473640442,0.8911762237548828,0.9061904549598694,1.0650227069854736
0.9315966367721558,0.8924678564071655,0.8676190376281738,1.088811993598938
0.9347478747367859,0.8825547099113464,0.9126190543174744,0.9482923150062561
0.9383193254470825,0.8753703832626343,0.9228571653366089,0.9128444790840149
0.9664705991744995,0.762919008731842,0.9676190614700317,0.7295961380004883
0.9753361344337463,0.6783555746078491,0.9669047594070435,0.6850281953811646
0.9749580025672913,0.6408435106277466,0.9719047546386719,0.6351564526557922
0.9745377898216248,0.6039712429046631,0.9666666388511658,0.6297739744186401
0.9752100706100464,0.5783776044845581,0.9628571271896362,0.6139225363731384
0.9761765003204346,0.5571597814559937,0.9521428346633911,0.6442375779151917
0.973739504814148,0.5485326647758484,0.9476190209388733,0.6257612109184265
0.975378155708313,0.5342504978179932,0.9547619223594666,0.5938265919685364
0.9741596579551697,0.5241687893867493,0.9709523916244507,0.5380128622055054
0.9724369645118713,0.5226179361343384,0.9745237827301025,0.5188537240028381
0.9731932878494263,0.511888325214386,0.9683333039283752,0.5300880670547485
0.9732773303985596,0.501376211643219,0.9685714244842529,0.525383472442627
0.973739504814148,0.5009466409683228,0.9661904573440552,0.5256153345108032
0.9752100706100464,0.4902040660381317,0.9669047594070435,0.5266409516334534
0.9759243726730347,0.4831153154373169,0.9647619128227234,0.5215948820114136
0.9842016696929932,0.44612982869148254,0.9830952286720276,0.4453127980232239
0.9893277287483215,0.41541028022766113,0.9809523820877075,0.43859177827835083
0.9892857074737549,0.39790698885917664,0.982619047164917,0.41846024990081787
0.9902100563049316,0.37621885538101196,0.9816666841506958,0.41215604543685913
0.9902940988540649,0.36401766538619995,0.9845238327980042,0.3814239203929901
0.9891596436500549,0.35452115535736084,0.9785714149475098,0.3785889148712158
0.9891596436500549,0.3477482497692108,0.9821428656578064,0.3659608066082001
0.9896218776702881,0.33313262462615967,0.9778571724891663,0.3716338574886322
0.9897478818893433,0.3258460760116577,0.9823809266090393,0.36073827743530273
0.9901680946350098,0.3162461221218109,0.9778571724891663,0.3533860146999359
0.9900000095367432,0.31206172704696655,0.9800000190734863,0.3419345021247864
0.9894117712974548,0.30299288034439087,0.9795238375663757,0.338704913854599
0.9898739457130432,0.2965872287750244,0.9764285683631897,0.3461364805698395
0.9888655543327332,0.2961117923259735,0.9764285683631897,0.33451247215270996
0.9897058606147766,0.2875022292137146,0.9830952286720276,0.3169418275356293
0.9880251884460449,0.2909906208515167,0.9785714149475098,0.3313894271850586
0.9880672097206116,0.28562697768211365,0.9821428656578064,0.3140983581542969
0.9880672097206116,0.28552907705307007,0.9811905026435852,0.30767348408699036
0.9880672097206116,0.2801171839237213,0.9788095355033875,0.3208198845386505
0.9894117712974548,0.27439725399017334,0.9764285683631897,0.3190482556819916
0.9881092309951782,0.27069711685180664,0.973809540271759,0.33308565616607666
0.9862185120582581,0.2761167287826538,0.982619047164917,0.2999195158481598
0.9872689247131348,0.27188992500305176,0.9688095450401306,0.3444063365459442
0.9879412055015564,0.2701132297515869,0.9797618985176086,0.30440932512283325
0.9889075756072998,0.26920372247695923,0.9721428751945496,0.3357703387737274
0.9876050353050232,0.2660362720489502,0.9750000238418579,0.3307447135448456
0.9867647290229797,0.26501643657684326,0.9759523868560791,0.3206937611103058
0.9922689199447632,0.2475220113992691,0.9850000143051147,0.2749396860599518
0.9943697452545166,0.23651912808418274,0.9864285588264465,0.2699291706085205
0.9949159622192383,0.22915250062942505,0.9859523773193359,0.2681942582130432
0.9952520728111267,0.22354230284690857,0.9871428608894348,0.26093238592147827
0.99546217918396,0.21801143884658813,0.9840475916862488,0.2828458845615387
0.9963025450706482,0.21116924285888672,0.9861904978752136,0.2634827196598053
0.9960924386978149,0.20586435496807098,0.9830952286720276,0.26686426997184753
0.9957143068313599,0.20338711142539978,0.9857142567634583,0.23952651023864746
0.9958823323249817,0.19741664826869965,0.9859523773193359,0.2408999800682068
0.995840311050415,0.194058358669281,0.9847618937492371,0.2376503348350525
0.99533611536026,0.19236984848976135,0.9838095307350159,0.240583136677742
0.9957563281059265,0.18863533437252045,0.9788095355033875,0.26983535289764404
0.9956302642822266,0.1836485117673874,0.9852380752563477,0.23339739441871643
0.9951260685920715,0.18319670855998993,0.9816666841506958,0.24803824722766876
0.9952520728111267,0.17916017770767212,0.9847618937492371,0.2291390597820282
0.994831919670105,0.17866471409797668,0.9833333492279053,0.22422604262828827
0.9957143068313599,0.1717892438173294,0.9816666841506958,0.2451835721731186
0.9948739409446716,0.1740681380033493,0.9859523773193359,0.21892406046390533
0.9952940940856934,0.17008918523788452,0.9809523820877075,0.23420122265815735
0.9944958090782166,0.16936787962913513,0.9850000143051147,0.2213517129421234
0.9947898983955383,0.16816696524620056,0.9857142567634583,0.20253729820251465
0.9952940940856934,0.16447578370571136,0.9861904978752136,0.20832891762256622
0.9946218729019165,0.162461057305336,0.9866666793823242,0.2004844844341278
0.9941176176071167,0.16457343101501465,0.9866666793823242,0.20127397775650024
0.9941596388816833,0.1616859883069992,0.9845238327980042,0.21621394157409668
0.994831919670105,0.15816788375377655,0.9830952286720276,0.22380679845809937
0.9945378303527832,0.16012373566627502,0.9845238327980042,0.20844721794128418
0.9947478771209717,0.1566154658794403,0.9840475916862488,0.20688268542289734
0.9961764812469482,0.15043221414089203,0.9864285588264465,0.19503140449523926
0.99760502576828,0.1447453796863556,0.9888095259666443,0.1844342201948166
0.9973949790000916,0.14332033693790436,0.9869047403335571,0.1891723871231079
0.9975209832191467,0.14054632186889648,0.9897618889808655,0.17884351313114166
0.9973949790000916,0.13951286673545837,0.9892857074737549,0.1800227016210556
0.9978571534156799,0.13474245369434357,0.9869047403335571,0.18562602996826172
0.9973529577255249,0.135592982172966,0.9904761910438538,0.16868379712104797
0.9981092214584351,0.13239890336990356,0.9864285588264465,0.18043655157089233
0.9980672001838684,0.13037489354610443,0.9900000095367432,0.163406103849411
0.9981512427330017,0.12720268964767456,0.9900000095367432,0.16791048645973206
0.9985714554786682,0.12526042759418488,0.988095223903656,0.17908278107643127
0.9979411959648132,0.1255279779434204,0.9888095259666443,0.16590842604637146
0.9981092214584351,0.12239444255828857,0.9869047403335571,0.17573654651641846
0.9984453916549683,0.11979717761278152,0.9892857074737549,0.15990644693374634
0.9978571534156799,0.1204533502459526,0.9904761910438538,0.1582830250263214
0.9982773065567017,0.1170787513256073,0.991428554058075,0.15253616869449615
0.9977731108665466,0.11746396124362946,0.9897618889808655,0.1609981507062912
0.9978151321411133,0.11624633520841599,0.9900000095367432,0.15242159366607666
0.9978991746902466,0.11483753472566605,0.9900000095367432,0.15641799569129944
0.9981092214584351,0.11209669709205627,0.9892857074737549,0.15251243114471436
0.9975630044937134,0.11254513263702393,0.9888095259666443,0.15568269789218903
0.9981512427330017,0.11069203913211823,0.9921428561210632,0.1482953429222107
0.998361349105835,0.1073475182056427,0.9902380704879761,0.14817537367343903
0.9978571534156799,0.10827239602804184,0.989047646522522,0.15436634421348572
0.9985294342041016,0.10620089620351791,0.9916666746139526,0.1441163271665573
0.9978991746902466,0.10666503757238388,0.991428554058075,0.1415880173444748
0.9984033703804016,0.10345350950956345,0.9861904978752136,0.1783449500799179
0.9984033703804016,0.10204076021909714,0.9900000095367432,0.14653292298316956
0.9978571534156799,0.10230554640293121,0.9878571629524231,0.1491212099790573
0.9978151321411133,0.10203608125448227,0.9902380704879761,0.14649546146392822
0.9978151321411133,0.10028506815433502,0.989047646522522,0.1444825381040573
0.9986554384231567,0.09717458486557007,0.9919047355651855,0.13490352034568787
0.9989075660705566,0.09498164802789688,0.9916666746139526,0.1360379010438919
0.9985294342041016,0.09523939341306686,0.9916666746139526,0.13118363916873932
0.9987815022468567,0.09425033628940582,0.9916666746139526,0.13345268368721008
0.9986974596977234,0.09483935683965683,0.9919047355651855,0.12695778906345367
0.9988235235214233,0.09238738566637039,0.9921428561210632,0.12806610763072968
0.9986134171485901,0.09226419776678085,0.991428554058075,0.12849335372447968
0.9984874129295349,0.09212122112512589,0.9923809766769409,0.1311510056257248
0.9987815022468567,0.09027648717164993,0.9909523725509644,0.1328914910554886
0.9988235235214233,0.08996211737394333,0.9921428561210632,0.12458746135234833
0.9986974596977234,0.08983359485864639,0.9921428561210632,0.12463855743408203
0.9992016553878784,0.08749793469905853,0.9916666746139526,0.12417224794626236
0.99873948097229,0.08812349289655685,0.9909523725509644,0.1301392763853073
0.9992856979370117,0.08608780056238174,0.9909523725509644,0.12852038443088531
0.9991596341133118,0.08574536442756653,0.9916666746139526,0.12511146068572998
0.9990336298942566,0.08489184081554413,0.991428554058075,0.127584770321846
0.9988235235214233,0.08490260690450668,0.9919047355651855,0.11918256431818008
0.9990336298942566,0.08415231853723526,0.9923809766769409,0.1242273822426796
0.9992016553878784,0.08260572701692581,0.991190493106842,0.12372269481420517
0.9990756511688232,0.08291355520486832,0.9921428561210632,0.12079601734876633
0.9989495873451233,0.08231887221336365,0.9916666746139526,0.12548436224460602
0.9991176724433899,0.08103293180465698,0.991428554058075,0.122398242354393
0.9990336298942566,0.08080022037029266,0.9923809766769409,0.11685533076524734
0.9991596341133118,0.08013194054365158,0.9928571581840515,0.11862687021493912
0.9992016553878784,0.07916240394115448,0.9930952191352844,0.11959493905305862
0.9990336298942566,0.07986535131931305,0.9926190376281738,0.11677700281143188
0.9989916086196899,0.07901275902986526,0.9926190376281738,0.11823448538780212
0.999369740486145,0.07795394212007523,0.9923809766769409,0.11863403022289276
0.999369740486145,0.07794000208377838,0.9923809766769409,0.12035205215215683
0.999369740486145,0.07748682051897049,0.9926190376281738,0.1168205589056015
0.9995378255844116,0.07691169530153275,0.9930952191352844,0.11635904014110565
0.9993277192115784,0.07677846401929855,0.9926190376281738,0.1179998368024826
0.999369740486145,0.0766507163643837,0.9926190376281738,0.11668087542057037
0.9994537830352783,0.0765053927898407,0.9930952191352844,0.11613669991493225
0.9995378255844116,0.07567314803600311,0.9933333396911621,0.1154387891292572
0.9996638894081116,0.07545609772205353,0.9933333396911621,0.11492741107940674
0.9993277192115784,0.0760827362537384,0.9933333396911621,0.11545120924711227
0.9996638894081116,0.07522964477539062,0.9926190376281738,0.11498665809631348
0.999369740486145,0.07541222870349884,0.9940476417541504,0.1128980815410614
0.9995798468589783,0.07490520179271698,0.9942857027053833,0.11232850700616837
0.9992856979370117,0.0755782276391983,0.9938095211982727,0.11247045546770096
0.999369740486145,0.07486147433519363,0.9933333396911621,0.11228378117084503
0.9995798468589783,0.07426715642213821,0.9938095211982727,0.11028119176626205
0.9996218681335449,0.07373378425836563,0.9933333396911621,0.11157729476690292
0.999369740486145,0.0746142715215683,0.9938095211982727,0.11121213436126709
0.9997059106826782,0.07323775440454483,0.9930952191352844,0.11296137422323227
0.9996638894081116,0.0732395201921463,0.9933333396911621,0.11355771869421005
0.9996638894081116,0.07294274866580963,0.993571400642395,0.11228463798761368
0.9996218681335449,0.07283893972635269,0.9930952191352844,0.11322999745607376
0.9994537830352783,0.07307051867246628,0.9933333396911621,0.11211440712213516
0.9998739361763,0.07206518203020096,0.9933333396911621,0.11207471787929535
0.9996218681335449,0.07267211377620697,0.9940476417541504,0.11149559915065765
0.9995798468589783,0.07298638671636581,0.9940476417541504,0.11149318516254425
0.9992436766624451,0.07317496836185455,0.9940476417541504,0.11183024197816849
0.9996218681335449,0.07234364002943039,0.993571400642395,0.11127711087465286
0.9997898936271667,0.07221730798482895,0.9938095211982727,0.11115045100450516
0.9993277192115784,0.07270760834217072,0.9940476417541504,0.11113602668046951
0.9996218681335449,0.07224319130182266,0.9938095211982727,0.11098836362361908
0.9997478723526001,0.07160073518753052,0.993571400642395,0.1106792539358139
0.9995378255844116,0.07256783545017242,0.9933333396911621,0.1108391210436821
0.9997478723526001,0.07182741165161133,0.9930952191352844,0.11116276681423187
0.999369740486145,0.07343873381614685,0.9933333396911621,0.11165391653776169
0.9997059106826782,0.07178477197885513,0.993571400642395,0.11080572009086609
0.9995378255844116,0.07234750688076019,0.9938095211982727,0.11049811542034149
0.9997478723526001,0.07166055589914322,0.993571400642395,0.1106640100479126
0.9996638894081116,0.07197429239749908,0.9938095211982727,0.11060737073421478
0.9996218681335449,0.07206276059150696,0.9938095211982727,0.1106981560587883
0.9995378255844116,0.07256432622671127,0.993571400642395,0.11053603142499924
0.9997059106826782,0.07182944566011429,0.9938095211982727,0.11082237958908081
0.9995378255844116,0.07213053852319717,0.993571400642395,0.11008159816265106
0.9997059106826782,0.07171104848384857,0.993571400642395,0.11071503162384033
0.9997059106826782,0.07179899513721466,0.9938095211982727,0.11087243258953094
0.999495804309845,0.0724523738026619,0.993571400642395,0.11029703915119171
0.999369740486145,0.07251499593257904,0.993571400642395,0.11065305024385452
0.9997059106826782,0.0719386488199234,0.9938095211982727,0.11015686392784119
0.9994537830352783,0.07254088670015335,0.9938095211982727,0.11054535955190659
0.9994537830352783,0.07235269248485565,0.9940476417541504,0.1102428138256073
0.9997478723526001,0.07136452198028564,0.993571400642395,0.11049722135066986
0.9996638894081116,0.0716743916273117,0.9938095211982727,0.11080370098352432
0.9996638894081116,0.07190218567848206,0.9938095211982727,0.11032895743846893
0.9998319149017334,0.07127323746681213,0.993571400642395,0.11071274429559708
0.9997898936271667,0.07151517271995544,0.993571400642395,0.10988149791955948
0.9998319149017334,0.07185065001249313,0.9938095211982727,0.11001420021057129
0.9997898936271667,0.07151127606630325,0.993571400642395,0.11011406034231186
0.999495804309845,0.07248329371213913,0.993571400642395,0.11025475710630417
0.9995798468589783,0.07212945818901062,0.9938095211982727,0.11049473285675049
0.9996218681335449,0.07230354100465775,0.9938095211982727,0.1104775220155716
0.9998319149017334,0.07148179411888123,0.993571400642395,0.10987628251314163
0.9997478723526001,0.07147634774446487,0.993571400642395,0.11067306250333786
0.9996218681335449,0.0715714767575264,0.9938095211982727,0.10996264219284058
0.9997059106826782,0.07177606225013733,0.9938095211982727,0.11031634360551834
0.9995798468589783,0.07174501568078995,0.9938095211982727,0.10999420285224915
0.9995798468589783,0.07218341529369354,0.9940476417541504,0.1106409877538681
0.9994537830352783,0.07225803285837173,0.9938095211982727,0.1103871688246727
0.999495804309845,0.0721067488193512,0.9938095211982727,0.11001614481210709
0.9996638894081116,0.07225524634122849,0.9938095211982727,0.11045818775892258
0.9997898936271667,0.07160570472478867,0.993571400642395,0.11041583865880966
0.999495804309845,0.07233407348394394,0.9938095211982727,0.11066606640815735
0.9996218681335449,0.07165960967540741,0.9938095211982727,0.11060521751642227
0.9996218681335449,0.07199923694133759,0.993571400642395,0.1107836440205574
0.9996218681335449,0.07187838852405548,0.9940476417541504,0.1108086034655571
0.9997059106826782,0.07154950499534607,0.993571400642395,0.11060536652803421
0.9996638894081116,0.07171106338500977,0.993571400642395,0.110505610704422
0.999369740486145,0.07215344160795212,0.9940476417541504,0.1106078028678894
0.9996218681335449,0.07224512100219727,0.993571400642395,0.11103139817714691
0.9995378255844116,0.07185213267803192,0.9938095211982727,0.11054383218288422
0.9997059106826782,0.07199183851480484,0.9938095211982727,0.11039827764034271
0.9995798468589783,0.07199954241514206,0.9933333396911621,0.11079186946153641
0.9995378255844116,0.07184793055057526,0.993571400642395,0.11075001955032349
0.9996638894081116,0.07191170006990433,0.9940476417541504,0.11037421226501465
0.9994537830352783,0.07249679416418076,0.9938095211982727,0.11057814210653305
0.9996218681335449,0.07142551243305206,0.9938095211982727,0.1104845479130745
0.9999159574508667,0.07105819135904312,0.9938095211982727,0.11066075414419174
0.9996638894081116,0.07176397740840912,0.993571400642395,0.1109173372387886
0.9997478723526001,0.07185886800289154,0.993571400642395,0.11041774600744247
0.9997059106826782,0.07187513262033463,0.9938095211982727,0.10990040004253387
0.9995798468589783,0.07203178107738495,0.9933333396911621,0.11010931432247162
0.9997478723526001,0.07159063965082169,0.993571400642395,0.11023491621017456
0.9994537830352783,0.07204757630825043,0.9938095211982727,0.11037883162498474
0.9996638894081116,0.07241413742303848,0.9940476417541504,0.11032550036907196
0.999495804309845,0.07231050729751587,0.9938095211982727,0.11049221456050873
0.9996638894081116,0.0716322585940361,0.9938095211982727,0.11027656495571136
0.9997898936271667,0.07137670367956161,0.993571400642395,0.11052422225475311
0.9997478723526001,0.07136551290750504,0.9940476417541504,0.11055871844291687
0.9996638894081116,0.07227031886577606,0.9938095211982727,0.1107158213853836
0.9995378255844116,0.07161274552345276,0.993571400642395,0.11072861403226852
0.9994117617607117,0.07217536121606827,0.993571400642395,0.11037680506706238
0.9995378255844116,0.07202086597681046,0.9938095211982727,0.11059809476137161
0.9997478723526001,0.07154259085655212,0.993571400642395,0.109720379114151
0.9997478723526001,0.07164247334003448,0.9940476417541504,0.11074184626340866
0.9997478723526001,0.07133840769529343,0.9938095211982727,0.11017952114343643
0.9997478723526001,0.07177021354436874,0.9938095211982727,0.11070962250232697
0.9996638894081116,0.0716252326965332,0.993571400642395,0.1105591431260109
0.9996638894081116,0.07160519808530807,0.9940476417541504,0.1101597249507904
0.9996218681335449,0.07204865664243698,0.9938095211982727,0.11002609878778458
0.9997898936271667,0.07133807986974716,0.993571400642395,0.1111031174659729
0.999495804309845,0.0719362422823906,0.993571400642395,0.11012778431177139
0.9995378255844116,0.07159213721752167,0.9940476417541504,0.11020935326814651
0.9997059106826782,0.07144498080015182,0.9938095211982727,0.11042167246341705
0.9997478723526001,0.07135774940252304,0.9938095211982727,0.11042662709951401
0.9997478723526001,0.07143168151378632,0.993571400642395,0.11000160127878189
0.9996218681335449,0.0718374252319336,0.9938095211982727,0.10995466262102127
0.9996638894081116,0.07162009179592133,0.9938095211982727,0.10982280224561691
0.9996638894081116,0.07151803374290466,0.9940476417541504,0.1101885512471199
0.9995798468589783,0.07192759960889816,0.9938095211982727,0.11042961478233337
0.9997059106826782,0.07173208892345428,0.993571400642395,0.11007063835859299
0.9995798468589783,0.07212221622467041,0.9940476417541504,0.1099838986992836
0.9996218681335449,0.07175088673830032,0.993571400642395,0.10976167768239975
0.9997898936271667,0.07137070596218109,0.9938095211982727,0.11027152836322784
0.9997478723526001,0.0715496763586998,0.9940476417541504,0.1104729175567627
0.9995378255844116,0.07254800200462341,0.9938095211982727,0.10991282016038895
0.9996218681335449,0.07176295667886734,0.993571400642395,0.11031519621610641
0.999495804309845,0.07206598669290543,0.993571400642395,0.11030153185129166
0.9998319149017334,0.07120856642723083,0.993571400642395,0.11038129776716232
0.9996218681335449,0.0722663626074791,0.9933333396911621,0.1104452982544899
0.9996638894081116,0.07130345702171326,0.9940476417541504,0.11010841280221939
0.9997478723526001,0.07166573405265808,0.9938095211982727,0.10989449918270111
0.9995798468589783,0.0716579407453537,0.993571400642395,0.11032336950302124
0.9996638894081116,0.07163360714912415,0.9940476417541504,0.11024928838014603
0.9996218681335449,0.0715908408164978,0.9940476417541504,0.1098313257098198
0.9994537830352783,0.07185593247413635,0.9938095211982727,0.11019677668809891
0.9995798468589783,0.0721055194735527,0.9940476417541504,0.11057258397340775
0.9996218681335449,0.07187286764383316,0.993571400642395,0.10998183488845825
0.9995378255844116,0.07186274975538254,0.9933333396911621,0.11035801470279694
0.9995798468589783,0.07192137837409973,0.9938095211982727,0.11013327538967133
0.9997898936271667,0.07129818946123123,0.9938095211982727,0.11060529947280884
0.9993277192115784,0.07206800580024719,0.9938095211982727,0.11009830981492996
0.9995378255844116,0.07210254669189453,0.993571400642395,0.11003106087446213
0.9994117617607117,0.07200978696346283,0.9940476417541504,0.10972931236028671
0.999495804309845,0.07181201875209808,0.9938095211982727,0.11010797321796417
0.9996218681335449,0.07158984243869781,0.9938095211982727,0.11006814986467361
0.999495804309845,0.07173127681016922,0.9938095211982727,0.11004140228033066
0.9996638894081116,0.07176955789327621,0.993571400642395,0.10956227779388428
0.9993277192115784,0.07268964499235153,0.9940476417541504,0.11007069051265717
0.9997898936271667,0.07140710204839706,0.9940476417541504,0.11016420274972916
0.9998739361763,0.0714801549911499,0.9938095211982727,0.10973863303661346
0.999495804309845,0.07183279097080231,0.9940476417541504,0.10980354249477386
0.9997059106826782,0.07139240950345993,0.9938095211982727,0.10999970883131027
0.9995798468589783,0.07158473134040833,0.9938095211982727,0.11017996817827225
0.999495804309845,0.07205745577812195,0.9938095211982727,0.11023152619600296
0.9997059106826782,0.07144781202077866,0.993571400642395,0.11052041500806808
0.9996218681335449,0.07162733376026154,0.9938095211982727,0.11012284457683563
0.9992856979370117,0.07217875868082047,0.9938095211982727,0.11039076745510101
0.9996218681335449,0.07168091833591461,0.9940476417541504,0.11054805666208267
0.9997478723526001,0.07140996307134628,0.9938095211982727,0.10963903367519379
0.9997898936271667,0.07139619439840317,0.993571400642395,0.11007881164550781
0.9995798468589783,0.0717097595334053,0.993571400642395,0.11078477650880814
0.9994537830352783,0.07255937159061432,0.9938095211982727,0.11024411767721176
0.9996218681335449,0.07155589014291763,0.9940476417541504,0.10979872196912766
0.9997478723526001,0.07143690437078476,0.9938095211982727,0.11013497412204742
0.9995798468589783,0.0712614506483078,0.993571400642395,0.11003895103931427
0.9995378255844116,0.07182718068361282,0.9940476417541504,0.11027511209249496
0.9996218681335449,0.07164176553487778,0.993571400642395,0.10987931489944458
0.9994537830352783,0.07206515967845917,0.993571400642395,0.10959853231906891
0.9995798468589783,0.07192620635032654,0.9938095211982727,0.10956604033708572
0.9995378255844116,0.07159681618213654,0.9940476417541504,0.10973754525184631
0.9996218681335449,0.07136427611112595,0.9940476417541504,0.1100275069475174
0.9996218681335449,0.07197465002536774,0.9938095211982727,0.11000046879053116
0.9997059106826782,0.07152990996837616,0.9938095211982727,0.10964372754096985
0.9995798468589783,0.07163888961076736,0.9938095211982727,0.10953620821237564
0.999495804309845,0.07191421836614609,0.9940476417541504,0.10989785939455032
0.9993277192115784,0.07281675189733505,0.9938095211982727,0.11022857576608658
0.9997898936271667,0.07122862339019775,0.993571400642395,0.11037630587816238
0.9995798468589783,0.07176485657691956,0.993571400642395,0.11016492545604706
0.9996638894081116,0.07147481292486191,0.9940476417541504,0.10978973656892776
0.9996218681335449,0.07175587862730026,0.9940476417541504,0.10974226146936417
0.9995798468589783,0.07192806154489517,0.9938095211982727,0.11034543812274933
0.9995798468589783,0.07175233215093613,0.9938095211982727,0.10973542183637619
0.9996218681335449,0.07177575677633286,0.9938095211982727,0.10977517813444138
0.9996218681335449,0.07134523242712021,0.9933333396911621,0.11025238037109375
0.9997478723526001,0.07121790945529938,0.9940476417541504,0.1101258248090744
0.9996218681335449,0.07142237573862076,0.993571400642395,0.10990850627422333
0.9992016553878784,0.07208670675754547,0.9938095211982727,0.11051815003156662
0.9997478723526001,0.07135576009750366,0.9938095211982727,0.1101013794541359
0.999495804309845,0.07181105762720108,0.9940476417541504,0.11008899658918381
0.9994537830352783,0.07152841985225677,0.9940476417541504,0.1101948544383049
0.9996638894081116,0.07167218625545502,0.9940476417541504,0.11018726974725723
0.9994537830352783,0.07249677181243896,0.9938095211982727,0.1101992130279541
0.9997059106826782,0.07141280174255371,0.9933333396911621,0.11009790748357773
0.999369740486145,0.07208443433046341,0.9940476417541504,0.11010768264532089
0.9997478723526001,0.07140079140663147,0.9938095211982727,0.10955280065536499
0.9996638894081116,0.07125081866979599,0.9940476417541504,0.1100805476307869
0.9994117617607117,0.0720418393611908,0.993571400642395,0.1100701317191124
0.9995378255844116,0.0717400461435318,0.993571400642395,0.11003084480762482
0.9997059106826782,0.07156729698181152,0.9940476417541504,0.10993247479200363
0.9996638894081116,0.07138696312904358,0.9940476417541504,0.11013571918010712
0.9997478723526001,0.07108907401561737,0.993571400642395,0.10973455011844635
0.9997898936271667,0.07134933769702911,0.993571400642395,0.11031736433506012
0.9996218681335449,0.0714283436536789,0.9938095211982727,0.10969892144203186
0.9997898936271667,0.07127532362937927,0.9938095211982727,0.11007599532604218
0.9997059106826782,0.07145622372627258,0.9940476417541504,0.10976595431566238
0.9997898936271667,0.07116382569074631,0.993571400642395,0.11017151176929474
0.9996218681335449,0.07154740393161774,0.9938095211982727,0.10971734672784805
0.9996638894081116,0.07156825065612793,0.993571400642395,0.10980735719203949
0.999369740486145,0.07237695157527924,0.9940476417541504,0.10974395275115967
0.9996218681335449,0.07174701988697052,0.9938095211982727,0.10987377166748047
0.9995798468589783,0.07179911434650421,0.993571400642395,0.11010700464248657
0.9995798468589783,0.0718974769115448,0.9940476417541504,0.1101592630147934
0.9998319149017334,0.07127904891967773,0.9938095211982727,0.11003262549638748
0.9996638894081116,0.07173063606023788,0.9940476417541504,0.10964642465114594
0.9997059106826782,0.07108043879270554,0.9938095211982727,0.10990149527788162
0.9996638894081116,0.07147274166345596,0.9938095211982727,0.1101154312491417
0.9997059106826782,0.071198970079422,0.9938095211982727,0.10999291390180588
0.9997478723526001,0.07131974399089813,0.993571400642395,0.10975025594234467
0.999495804309845,0.07173217087984085,0.9940476417541504,0.11020167171955109
0.9996218681335449,0.07128510624170303,0.9938095211982727,0.11007042974233627
0.9998739361763,0.07087957113981247,0.9940476417541504,0.10987773537635803
0.9996218681335449,0.07138209044933319,0.9938095211982727,0.11001337319612503
0.9997898936271667,0.07102109491825104,0.9938095211982727,0.11018642038106918
0.9998319149017334,0.07089366018772125,0.9940476417541504,0.11026789993047714
0.9996638894081116,0.07139566540718079,0.9938095211982727,0.10998573899269104
0.9996638894081116,0.07115199416875839,0.9938095211982727,0.1101050153374672
0.9997059106826782,0.0715704932808876,0.9940476417541504,0.10989437997341156
0.9995378255844116,0.07165032625198364,0.9938095211982727,0.11015044152736664
0.9996638894081116,0.07141245156526566,0.993571400642395,0.11044331640005112
0.9997898936271667,0.07111144810914993,0.9940476417541504,0.1098874881863594
0.9995798468589783,0.07131972163915634,0.9940476417541504,0.10996409505605698
0.9997478723526001,0.07151675969362259,0.9940476417541504,0.11011596024036407
0.999369740486145,0.07179347425699234,0.9938095211982727,0.11038651317358017
0.9994537830352783,0.07198517769575119,0.9940476417541504,0.10999251902103424
0.9995378255844116,0.07150804996490479,0.9938095211982727,0.11007709801197052
0.9994117617607117,0.07174158841371536,0.9938095211982727,0.11012064665555954
0.9996638894081116,0.07134030014276505,0.9940476417541504,0.11023056507110596
0.9998739361763,0.07074668258428574,0.9938095211982727,0.10989747196435928
0.9997059106826782,0.07139889150857925,0.9940476417541504,0.11062247306108475
0.9997898936271667,0.07136764377355576,0.9940476417541504,0.10936682671308517
0.9995798468589783,0.07124844938516617,0.9938095211982727,0.11028467863798141
0.9995378255844116,0.07164613902568817,0.9940476417541504,0.10942249000072479
0.9997898936271667,0.07122205197811127,0.993571400642395,0.11002779006958008
0.9996638894081116,0.07110166549682617,0.9940476417541504,0.11042112112045288
0.9998739361763,0.07072299718856812,0.9938095211982727,0.11007945239543915
0.9996218681335449,0.07121279090642929,0.9940476417541504,0.10989028215408325
0.9995378255844116,0.07221432775259018,0.9940476417541504,0.11033945530653
0.999495804309845,0.07154271751642227,0.9940476417541504,0.10983443260192871
0.9996638894081116,0.07119842618703842,0.9938095211982727,0.1098356768488884
0.9996218681335449,0.07130810618400574,0.9940476417541504,0.10943727940320969
0.9995798468589783,0.07151716202497482,0.9940476417541504,0.11014241725206375
0.9995798468589783,0.07134314626455307,0.9940476417541504,0.110015369951725
0.9995798468589783,0.0712442621588707,0.9940476417541504,0.1094709113240242
0.9998319149017334,0.07095273584127426,0.9938095211982727,0.10975503921508789
0.9999159574508667,0.07078874856233597,0.9938095211982727,0.10967843234539032
0.9995798468589783,0.07099739462137222,0.9938095211982727,0.10997942835092545
0.9997478723526001,0.07095900177955627,0.9938095211982727,0.10970913618803024
